"M. Meier, M. N, Meier N, _"
"M. Meier Müllergasse, M. N, Meier N, Müllergasse N, _"
"Meier Müllergasse, Meier N, Müllergasse N, _"
"Stadt X, Stadt N, X N, _"
"Stadt X, Stadt N, X N, _"
"Vermittlung Bahnhofstr, Vermittlung N, Bahnhofstr N, _"
"Vermittlung Bahnhofstr, Vermittlung N, Bahnhofstr N, _"
"Wiesbaden Stadt, Wiesbaden N, Stadt N, _"
"Wiesbaden Stadt X, Wiesbaden N, Stadt N, X N, _"
"Stadt X, Stadt N, X N, _"
"geehrte Damen, geehrte ADJA, Damen N, _"
"ihre Anzeige, ihre ART, Anzeige N, _"
"der Zeitung, der ART, Zeitung N, _"
"die Arbeit, die ART, Arbeit N, _"
"anderen Menschen, anderen ADJA, Menschen N, dat"
"Spas großen, Spas N, großen ADJA, _"
"neuen Aufgaben, neuen ADJA, Aufgaben N, acc"
"Takt Geduld, Takt N, Geduld N, _"
"Takt Geduld warmherzigkeit, Takt N, Geduld N, warmherzigkeit N, _"
"Geduld warmherzigkeit, Geduld N, warmherzigkeit N, _"
"Umgang, Umgang N, dat"
"Kindern, Kindern N, dat"
"der Haushaltsführung, der ART, Haushaltsführung N, _"
"Russisch Englisch, Russisch N, Englisch N, _"
"Russisch Englisch Kasachisch, Russisch N, Englisch N, Kasachisch N, _"
"Englisch Kasachisch, Englisch N, Kasachisch N, _"
"Deutsch, Deutsch N, _"
"Deutsche Sprache, Deutsche ADJA, Sprache N, _"
"das Leben, das ART, Leben N, _"
"Deutschland, Deutschland N, _"
"weitere Informationen, weitere ADJA, Informationen N, _"
"Reche Pflichen, Reche N, Pflichen N, _"
"Reche Pflichen, Reche N, Pflichen N, _"
"Welche Freizeitaktivitäten, Welche ART, Freizeitaktivitäten N, _"
"der Woche, der ART, Woche N, dat"
"die Kinder, die ART, Kinder N, _"
"eine baldige Antwort, eine ART, baldige ADJA, Antwort N, acc"
"freundlichen Grüssen Maria, freundlichen ADJA, Grüssen N, Maria N, dat"
"Grüssen Maria Meier, Grüssen N, Maria N, Meier N, _"
"Maria Meier, Maria N, Meier N, _"
